year,topic,patient,metric,ranked_count,judged_returned_count,stored,recalculated
2021,1,trec-20211,ndcg@5,260,142,0.8687949224876582,0.8687949224876582
2021,1,trec-20211,p@5,260,142,0.8,0.8
2021,1,trec-20211,ndcg@10,260,142,0.7061955582971078,0.7061955582971078
2021,1,trec-20211,p@10,260,142,0.6,0.6
2021,1,trec-20211,ndcg@20,260,142,0.6348891134556791,0.634889113455679
2021,1,trec-20211,p@20,260,142,0.55,0.55
2021,2,trec-20212,ndcg@5,263,171,0.8930068676327362,0.8930068676327362
2021,2,trec-20212,p@5,263,171,0.9,0.9
2021,2,trec-20212,ndcg@10,263,171,0.9305687780632229,0.9305687780632227
2021,2,trec-20212,p@10,263,171,0.95,0.95
2021,2,trec-20212,ndcg@20,263,171,0.9031111460491201,0.9031111460491201
2021,2,trec-20212,p@20,263,171,0.9,0.9
2021,3,trec-20213,ndcg@5,263,121,0.7860137352654724,0.7860137352654724
2021,3,trec-20213,p@5,263,121,0.8,0.8
2021,3,trec-20213,ndcg@10,263,121,0.716764105438272,0.7167641054382718
2021,3,trec-20213,p@10,263,121,0.7,0.7
2021,3,trec-20213,ndcg@20,263,121,0.6371942583429248,0.6371942583429248
2021,3,trec-20213,p@20,263,121,0.6,0.6
2021,4,trec-20214,ndcg@5,261,121,0.934397461243829,0.934397461243829
2021,4,trec-20214,p@5,261,121,0.9,0.9
2021,4,trec-20214,ndcg@10,261,121,0.7487671171179183,0.7487671171179182
2021,4,trec-20214,p@10,261,121,0.65,0.65
2021,4,trec-20214,ndcg@20,261,121,0.687127348165339,0.687127348165339
2021,4,trec-20214,p@20,261,121,0.6,0.6
2021,5,trec-20215,ndcg@5,261,59,1.0,1.0
2021,5,trec-20215,p@5,261,59,1.0,1.0
2021,5,trec-20215,ndcg@10,261,59,0.9337457765456111,0.933745776545611
2021,5,trec-20215,p@10,261,59,0.9,0.9
2021,5,trec-20215,ndcg@20,261,59,0.7838562368705095,0.7838562368705095
2021,5,trec-20215,p@20,261,59,0.7,0.7
2021,6,trec-20216,ndcg@5,262,121,1.0,1.0
2021,6,trec-20216,p@5,262,121,1.0,1.0
2021,6,trec-20216,ndcg@10,262,121,0.9608008655106625,0.9608008655106622
2021,6,trec-20216,p@10,262,121,0.95,0.95
2021,6,trec-20216,ndcg@20,262,121,0.938459139700995,0.9384591397009951
2021,6,trec-20216,p@20,262,121,0.925,0.925
2021,7,trec-20217,ndcg@5,183,123,0.3156484524795145,0.3156484524795145
2021,7,trec-20217,p@5,183,123,0.4,0.4
2021,7,trec-20217,ndcg@10,183,123,0.4080731812712917,0.40807318127129166
2021,7,trec-20217,p@10,183,123,0.5,0.5
2021,7,trec-20217,ndcg@20,183,123,0.40332260728194086,0.4033226072819408
2021,7,trec-20217,p@20,183,123,0.45,0.45
2021,8,trec-20218,ndcg@5,261,140,0.8082168163143322,0.8082168163143322
2021,8,trec-20218,p@5,261,140,0.8,0.8
2021,8,trec-20218,ndcg@10,261,140,0.6664964689981765,0.6664964689981763
2021,8,trec-20218,p@10,261,140,0.6,0.6
2021,8,trec-20218,ndcg@20,261,140,0.6140150972312651,0.6140150972312652
2021,8,trec-20218,p@20,261,140,0.55,0.55
2021,9,trec-20219,ndcg@5,146,131,0.5351041935991797,0.5351041935991797
2021,9,trec-20219,p@5,146,131,1.0,1.0
2021,9,trec-20219,ndcg@10,146,131,0.5950733128173282,0.5950733128173281
2021,9,trec-20219,p@10,146,131,0.9,0.9
2021,9,trec-20219,ndcg@20,146,131,0.700363597708921,0.7003635977089212
2021,9,trec-20219,p@20,146,131,0.95,0.95
2021,10,trec-202110,ndcg@5,86,52,0.4808124874377669,0.4808124874377669
2021,10,trec-202110,p@5,86,52,0.5,0.5
2021,10,trec-202110,ndcg@10,86,52,0.5214075211917494,0.5214075211917495
2021,10,trec-202110,p@10,86,52,0.5,0.5
2021,10,trec-202110,ndcg@20,86,52,0.6557203768286011,0.6557203768286014
2021,10,trec-202110,p@20,86,52,0.525,0.525
2021,11,trec-202111,ndcg@5,154,105,1.0,1.0
2021,11,trec-202111,p@5,154,105,1.0,1.0
2021,11,trec-202111,ndcg@10,154,105,0.9608008655106625,0.9608008655106622
2021,11,trec-202111,p@10,154,105,0.95,0.95
2021,11,trec-202111,ndcg@20,154,105,0.8139897635416796,0.8139897635416797
2021,11,trec-202111,p@20,154,105,0.75,0.75
2021,12,trec-202112,ndcg@5,133,101,0.915209948681596,0.915209948681596
2021,12,trec-202112,p@5,133,101,0.9,0.9
2021,12,trec-202112,ndcg@10,133,101,0.94497705842548,0.94497705842548
2021,12,trec-202112,p@10,133,101,0.95,0.95
2021,12,trec-202112,ndcg@20,133,101,0.8760981466036617,0.8760981466036617
2021,12,trec-202112,p@20,133,101,0.85,0.85
2021,13,trec-202113,ndcg@5,118,60,0.7469385177900298,0.7469385177900298
2021,13,trec-202113,p@5,118,60,0.7,0.7
2021,13,trec-202113,ndcg@10,118,60,0.7354776644450404,0.7354776644450401
2021,13,trec-202113,p@10,118,60,0.7,0.7
2021,13,trec-202113,ndcg@20,118,60,0.629520203346407,0.629520203346407
2021,13,trec-202113,p@20,118,60,0.575,0.575
2021,14,trec-202114,ndcg@5,153,45,0.735182641392979,0.735182641392979
2021,14,trec-202114,p@5,153,45,0.7,0.7
2021,14,trec-202114,ndcg@10,153,45,0.6204190044411196,0.6204190044411195
2021,14,trec-202114,p@10,153,45,0.55,0.55
2021,14,trec-202114,ndcg@20,153,45,0.7504846059907037,0.7504846059907038
2021,14,trec-202114,p@20,153,45,0.6,0.6
2021,15,trec-202115,ndcg@5,121,64,1.0,1.0
2021,15,trec-202115,p@5,121,64,1.0,1.0
2021,15,trec-202115,ndcg@10,121,64,0.8971800773117108,0.8971800773117106
2021,15,trec-202115,p@10,121,64,0.85,0.85
2021,15,trec-202115,ndcg@20,121,64,0.8616101946218929,0.8616101946218929
2021,15,trec-202115,p@20,121,64,0.825,0.825
2021,16,trec-202116,ndcg@5,165,82,0.384266559722312,0.384266559722312
2021,16,trec-202116,p@5,165,82,0.5,0.5
2021,16,trec-202116,ndcg@10,165,82,0.2840783149163377,0.28407831491633767
2021,16,trec-202116,p@10,165,82,0.3,0.3
2021,16,trec-202116,ndcg@20,165,82,0.3377510858313568,0.337751085831357
2021,16,trec-202116,p@20,165,82,0.325,0.325
2021,17,trec-202117,ndcg@5,167,139,0.5316435813102603,0.5316435813102603
2021,17,trec-202117,p@5,167,139,0.6,0.6
2021,17,trec-202117,ndcg@10,167,139,0.5565668476649159,0.5565668476649159
2021,17,trec-202117,p@10,167,139,0.6,0.6
2021,17,trec-202117,ndcg@20,167,139,0.5339182969127159,0.5339182969127159
2021,17,trec-202117,p@20,167,139,0.55,0.55
2021,18,trec-202118,ndcg@5,137,76,0.42696582507864683,0.42696582507864683
2021,18,trec-202118,p@5,137,76,0.8,0.8
2021,18,trec-202118,ndcg@10,137,76,0.5748265843933503,0.5748265843933504
2021,18,trec-202118,p@10,137,76,0.55,0.55
2021,18,trec-202118,ndcg@20,137,76,0.6982072987687613,0.6982072987687615
2021,18,trec-202118,p@20,137,76,0.55,0.55
2021,19,trec-202119,ndcg@5,152,97,0.48522855511632257,0.48522855511632257
2021,19,trec-202119,p@5,152,97,0.4,0.4
2021,19,trec-202119,ndcg@10,152,97,0.6659485553357845,0.6659485553357843
2021,19,trec-202119,p@10,152,97,0.7,0.7
2021,19,trec-202119,ndcg@20,152,97,0.5825132435015176,0.5825132435015176
2021,19,trec-202119,p@20,152,97,0.575,0.575
2021,20,trec-202120,ndcg@5,112,65,0.6069931323672637,0.6069931323672637
2021,20,trec-202120,p@5,112,65,0.6,0.6
2021,20,trec-202120,ndcg@10,112,65,0.6324023776821563,0.6324023776821562
2021,20,trec-202120,p@10,112,65,0.65,0.65
2021,20,trec-202120,ndcg@20,112,65,0.7074439537482315,0.7074439537482318
2021,20,trec-202120,p@20,112,65,0.75,0.75
2021,21,trec-202121,ndcg@5,133,64,0.830419897363192,0.830419897363192
2021,21,trec-202121,p@5,133,64,0.8,0.8
2021,21,trec-202121,ndcg@10,133,64,0.8165901947515999,0.8165901947515999
2021,21,trec-202121,p@10,133,64,0.8,0.8
2021,21,trec-202121,ndcg@20,133,64,0.7750842904259104,0.7750842904259104
2021,21,trec-202121,p@20,133,64,0.75,0.75
2021,22,trec-202122,ndcg@5,104,66,0.830419897363192,0.830419897363192
2021,22,trec-202122,p@5,104,66,0.8,0.8
2021,22,trec-202122,ndcg@10,104,66,0.8176278706344279,0.8176278706344277
2021,22,trec-202122,p@10,104,66,0.8,0.8
2021,22,trec-202122,ndcg@20,104,66,0.882302982438347,0.882302982438347
2021,22,trec-202122,p@20,104,66,0.9,0.9
2021,23,trec-202123,ndcg@5,255,140,0.5,0.5
2021,23,trec-202123,p@5,255,140,1.0,1.0
2021,23,trec-202123,ndcg@10,255,140,0.6437238182346009,0.6437238182346008
2021,23,trec-202123,p@10,255,140,0.7,0.7
2021,23,trec-202123,ndcg@20,255,140,0.7533522395622751,0.7533522395622751
2021,23,trec-202123,p@20,255,140,0.825,0.825
2021,24,trec-202124,ndcg@5,184,111,0.934397461243829,0.934397461243829
2021,24,trec-202124,p@5,184,111,0.9,0.9
2021,24,trec-202124,ndcg@10,184,111,0.8864189125903762,0.8864189125903759
2021,24,trec-202124,p@10,184,111,0.85,0.85
2021,24,trec-202124,ndcg@20,184,111,0.8935472438071087,0.8935472438071087
2021,24,trec-202124,p@20,184,111,0.875,0.875
2021,25,trec-202125,ndcg@5,217,129,0.9269658250786468,0.9269658250786468
2021,25,trec-202125,p@5,217,129,0.9,0.9
2021,25,trec-202125,ndcg@10,217,129,0.7532995842251067,0.7532995842251066
2021,25,trec-202125,p@10,217,129,0.65,0.65
2021,25,trec-202125,ndcg@20,217,129,0.5891654288164443,0.5891654288164443
2021,25,trec-202125,p@20,217,129,0.475,0.475
2021,26,trec-202126,ndcg@5,121,67,0.7426142775581612,0.7426142775581612
2021,26,trec-202126,p@5,121,67,0.7,0.7
2021,26,trec-202126,ndcg@10,121,67,0.6599572387734732,0.6599572387734731
2021,26,trec-202126,p@10,121,67,0.6,0.6
2021,26,trec-202126,ndcg@20,121,67,0.6573203878235279,0.6573203878235279
2021,26,trec-202126,p@20,121,67,0.625,0.625
2021,27,trec-202127,ndcg@5,180,122,0.934397461243829,0.934397461243829
2021,27,trec-202127,p@5,180,122,0.9,0.9
2021,27,trec-202127,ndcg@10,180,122,0.7892829692349748,0.7892829692349745
2021,27,trec-202127,p@10,180,122,0.7,0.7
2021,27,trec-202127,ndcg@20,180,122,0.719800756315741,0.7198007563157411
2021,27,trec-202127,p@20,180,122,0.65,0.65
2021,28,trec-202128,ndcg@5,196,115,0.8687949224876582,0.8687949224876582
2021,28,trec-202128,p@5,196,115,0.8,0.8
2021,28,trec-202128,ndcg@10,196,115,0.8801412713899905,0.8801412713899903
2021,28,trec-202128,p@10,196,115,0.85,0.85
2021,28,trec-202128,ndcg@20,196,115,0.8134282857459265,0.8134282857459266
2021,28,trec-202128,p@20,196,115,0.775,0.775
2021,29,trec-202129,ndcg@5,166,111,0.8930068676327362,0.8930068676327362
2021,29,trec-202129,p@5,166,111,0.9,0.9
2021,29,trec-202129,ndcg@10,166,111,0.822489244995474,0.8224892449954739
2021,29,trec-202129,p@10,166,111,0.8,0.8
2021,29,trec-202129,ndcg@20,166,111,0.8140992109606875,0.8140992109606875
2021,29,trec-202129,p@20,166,111,0.8,0.8
2021,30,trec-202130,ndcg@5,118,53,0.934397461243829,0.934397461243829
2021,30,trec-202130,p@5,118,53,0.9,0.9
2021,30,trec-202130,ndcg@10,118,53,0.8275534295258489,0.8275534295258486
2021,30,trec-202130,p@10,118,53,0.75,0.75
2021,30,trec-202130,ndcg@20,118,53,0.7962987737339433,0.7962987737339434
2021,30,trec-202130,p@20,118,53,0.75,0.75
2021,31,trec-202131,ndcg@5,203,135,0.17259567112343469,0.17259567112343469
2021,31,trec-202131,p@5,203,135,0.4,0.4
2021,31,trec-202131,ndcg@10,203,135,0.25162092631133687,0.2516209263113368
2021,31,trec-202131,p@10,203,135,0.3,0.3
2021,31,trec-202131,ndcg@20,203,135,0.3219723249858993,0.3219723249858993
2021,31,trec-202131,p@20,203,135,0.375,0.375
2021,32,trec-202132,ndcg@5,94,27,0.5087403079104241,0.5087403079104241
2021,32,trec-202132,p@5,94,27,0.4,0.4
2021,32,trec-202132,ndcg@10,94,27,0.551331062461933,0.5513310624619329
2021,32,trec-202132,p@10,94,27,0.5,0.5
2021,32,trec-202132,ndcg@20,94,27,0.8254130674672486,0.8254130674672485
2021,32,trec-202132,p@20,94,27,0.55,0.55
2021,33,trec-202133,ndcg@5,120,32,0.639945385422766,0.639945385422766
2021,33,trec-202133,p@5,120,32,0.6,0.6
2021,33,trec-202133,ndcg@10,120,32,0.7663491917568949,0.7663491917568945
2021,33,trec-202133,p@10,120,32,0.8,0.8
2021,33,trec-202133,ndcg@20,120,32,0.8157719060339111,0.8157719060339111
2021,33,trec-202133,p@20,120,32,0.85,0.85
2021,34,trec-202134,ndcg@5,161,60,0.7573857224418385,0.7573857224418388
2021,34,trec-202134,p@5,161,60,0.8,0.8
2021,34,trec-202134,ndcg@10,161,60,0.734480401598436,0.7344804015984359
2021,34,trec-202134,p@10,161,60,0.75,0.75
2021,34,trec-202134,ndcg@20,161,60,0.8104641768211643,0.8104641768211643
2021,34,trec-202134,p@20,161,60,0.85,0.85
2021,35,trec-202135,ndcg@5,106,83,0.8539316501572937,0.8539316501572937
2021,35,trec-202135,p@5,106,83,0.8,0.8
2021,35,trec-202135,ndcg@10,106,83,0.7258435322289962,0.7258435322289961
2021,35,trec-202135,p@10,106,83,0.65,0.65
2021,35,trec-202135,ndcg@20,106,83,0.8230683673314835,0.8230683673314836
2021,35,trec-202135,p@20,106,83,0.825,0.825
2021,36,trec-202136,ndcg@5,177,62,0.5538466623591201,0.5538466623591201
2021,36,trec-202136,p@5,177,62,0.6,0.6
2021,36,trec-202136,ndcg@10,177,62,0.49694412075366723,0.4969441207536671
2021,36,trec-202136,p@10,177,62,0.5,0.5
2021,36,trec-202136,ndcg@20,177,62,0.6424791905160322,0.6424791905160322
2021,36,trec-202136,p@20,177,62,0.7,0.7
2021,37,trec-202137,ndcg@5,174,147,0.764817358607021,0.764817358607021
2021,37,trec-202137,p@5,174,147,0.8,0.8
2021,37,trec-202137,ndcg@10,174,147,0.777573485253275,0.7775734852532749
2021,37,trec-202137,p@10,174,147,0.8,0.8
2021,37,trec-202137,ndcg@20,174,147,0.8386981849965125,0.8386981849965125
2021,37,trec-202137,p@20,174,147,0.875,0.875
2021,38,trec-202138,ndcg@5,137,80,0.915209948681596,0.915209948681596
2021,38,trec-202138,p@5,137,80,0.9,0.9
2021,38,trec-202138,ndcg@10,137,80,0.8800395525988097,0.8800395525988095
2021,38,trec-202138,p@10,137,80,0.85,0.85
2021,38,trec-202138,ndcg@20,137,80,0.8524828891275815,0.8524828891275814
2021,38,trec-202138,p@20,137,80,0.825,0.825
2021,39,trec-202139,ndcg@5,77,30,0.27082852073795854,0.27082852073795854
2021,39,trec-202139,p@5,77,30,0.3,0.3
2021,39,trec-202139,ndcg@10,77,30,0.5200929224775265,0.5200929224775264
2021,39,trec-202139,p@10,77,30,0.5,0.5
2021,39,trec-202139,ndcg@20,77,30,0.6285839499012582,0.6285839499012582
2021,39,trec-202139,p@20,77,30,0.325,0.325
2021,40,trec-202140,ndcg@5,80,29,0.8687949224876582,0.8687949224876582
2021,40,trec-202140,p@5,80,29,0.8,0.8
2021,40,trec-202140,ndcg@10,80,29,0.6201991997026256,0.6201991997026256
2021,40,trec-202140,p@10,80,29,0.45,0.45
2021,40,trec-202140,ndcg@20,80,29,0.8571154690053172,0.8571154690053172
2021,40,trec-202140,p@20,80,29,0.425,0.425
2021,41,trec-202141,ndcg@5,176,107,0.6281895090257151,0.6281895090257151
2021,41,trec-202141,p@5,176,107,0.6,0.6
2021,41,trec-202141,ndcg@10,176,107,0.72203847131747,0.7220384713174699
2021,41,trec-202141,p@10,176,107,0.75,0.75
2021,41,trec-202141,ndcg@20,176,107,0.750201409811605,0.750201409811605
2021,41,trec-202141,p@20,176,107,0.775,0.775
2021,42,trec-202142,ndcg@5,128,47,0.819972692711383,0.819972692711383
2021,42,trec-202142,p@5,128,47,0.8,0.8
2021,42,trec-202142,ndcg@10,128,47,0.8047763268997721,0.804776326899772
2021,42,trec-202142,p@10,128,47,0.8,0.8
2021,42,trec-202142,ndcg@20,128,47,0.7331143654869708,0.7331143654869708
2021,42,trec-202142,p@20,128,47,0.7,0.7
2021,43,trec-202143,ndcg@5,99,85,0.6473770215879483,0.6473770215879483
2021,43,trec-202143,p@5,99,85,0.6,0.6
2021,43,trec-202143,ndcg@10,99,85,0.6654466755636574,0.6654466755636573
2021,43,trec-202143,p@10,99,85,0.65,0.65
2021,43,trec-202143,ndcg@20,99,85,0.7316292612736134,0.7316292612736136
2021,43,trec-202143,p@20,99,85,0.75,0.75
2021,44,trec-202144,ndcg@5,153,129,0.5,0.5
2021,44,trec-202144,p@5,153,129,1.0,1.0
2021,44,trec-202144,ndcg@10,153,129,0.6064533028295916,0.6064533028295916
2021,44,trec-202144,p@10,153,129,1.0,1.0
2021,44,trec-202144,ndcg@20,153,129,0.7048213480002941,0.7048213480002942
2021,44,trec-202144,p@20,153,129,1.0,1.0
2021,45,trec-202145,ndcg@5,232,171,0.710970696247901,0.710970696247901
2021,45,trec-202145,p@5,232,171,0.6,0.6
2021,45,trec-202145,ndcg@10,232,171,0.8124397585990837,0.8124397585990835
2021,45,trec-202145,p@10,232,171,0.8,0.8
2021,45,trec-202145,ndcg@20,232,171,0.8252155086803507,0.8252155086803507
2021,45,trec-202145,p@20,232,171,0.825,0.825
2021,46,trec-202146,ndcg@5,215,166,1.0,1.0
2021,46,trec-202146,p@5,215,166,1.0,1.0
2021,46,trec-202146,ndcg@10,215,166,1.0,1.0
2021,46,trec-202146,p@10,215,166,1.0,1.0
2021,46,trec-202146,ndcg@20,215,166,1.0,1.0
2021,46,trec-202146,p@20,215,166,1.0,1.0
2021,47,trec-202147,ndcg@5,261,149,0.8930068676327362,0.8930068676327362
2021,47,trec-202147,p@5,261,149,0.9,0.9
2021,47,trec-202147,ndcg@10,261,149,0.8228772884247292,0.8228772884247292
2021,47,trec-202147,p@10,261,149,0.8,0.8
2021,47,trec-202147,ndcg@20,261,149,0.8497576363301557,0.8497576363301557
2021,47,trec-202147,p@20,261,149,0.85,0.85
2021,48,trec-202148,ndcg@5,95,70,1.0,1.0
2021,48,trec-202148,p@5,95,70,1.0,1.0
2021,48,trec-202148,ndcg@10,95,70,1.0,1.0
2021,48,trec-202148,p@10,95,70,1.0,1.0
2021,48,trec-202148,ndcg@20,95,70,0.9822449950457929,0.9822449950457929
2021,48,trec-202148,p@20,95,70,0.975,0.975
2021,49,trec-202149,ndcg@5,133,86,0.6164336326286644,0.6164336326286644
2021,49,trec-202149,p@5,133,86,0.7,0.7
2021,49,trec-202149,ndcg@10,133,86,0.7118925384880678,0.7118925384880675
2021,49,trec-202149,p@10,133,86,0.8,0.8
2021,49,trec-202149,ndcg@20,133,86,0.7471139879700203,0.7471139879700202
2021,49,trec-202149,p@20,133,86,0.8,0.8
2021,50,trec-202150,ndcg@5,111,26,0.7040090042240594,0.7040090042240593
2021,50,trec-202150,p@5,111,26,0.6,0.6
2021,50,trec-202150,ndcg@10,111,26,0.5691135999084426,0.5691135999084425
2021,50,trec-202150,p@10,111,26,0.3,0.3
2021,50,trec-202150,ndcg@20,111,26,0.7910159157074108,0.7910159157074108
2021,50,trec-202150,p@20,111,26,0.3,0.3
2021,51,trec-202151,ndcg@5,166,68,0.6386367136775242,0.6386367136775241
2021,51,trec-202151,p@5,166,68,0.7,0.7
2021,51,trec-202151,ndcg@10,166,68,0.6992457298852737,0.6992457298852736
2021,51,trec-202151,p@10,166,68,0.75,0.75
2021,51,trec-202151,ndcg@20,166,68,0.7439580586799681,0.7439580586799683
2021,51,trec-202151,p@20,166,68,0.7,0.7
2021,52,trec-202152,ndcg@5,108,48,1.0,1.0
2021,52,trec-202152,p@5,108,48,1.0,1.0
2021,52,trec-202152,ndcg@10,108,48,0.7640118053602021,0.7640118053602019
2021,52,trec-202152,p@10,108,48,0.65,0.65
2021,52,trec-202152,ndcg@20,108,48,0.7213211153781723,0.7213211153781723
2021,52,trec-202152,p@20,108,48,0.475,0.475
2021,53,trec-202153,ndcg@5,119,65,0.7227265726449519,0.7227265726449519
2021,53,trec-202153,p@5,119,65,0.6,0.6
2021,53,trec-202153,ndcg@10,119,65,0.7882581238893525,0.7882581238893523
2021,53,trec-202153,p@10,119,65,0.75,0.75
2021,53,trec-202153,ndcg@20,119,65,0.7937757246921409,0.7937757246921409
2021,53,trec-202153,p@20,119,65,0.775,0.775
2021,54,trec-202154,ndcg@5,165,102,0.6164336326286644,0.6164336326286644
2021,54,trec-202154,p@5,165,102,0.6,0.6
2021,54,trec-202154,ndcg@10,165,102,0.6127902450513749,0.6127902450513749
2021,54,trec-202154,p@10,165,102,0.6,0.6
2021,54,trec-202154,ndcg@20,165,102,0.6048238828537438,0.6048238828537439
2021,54,trec-202154,p@20,165,102,0.6,0.6
2021,55,trec-202155,ndcg@5,128,47,1.0,1.0
2021,55,trec-202155,p@5,128,47,1.0,1.0
2021,55,trec-202155,ndcg@10,128,47,0.8006937664098821,0.8006937664098819
2021,55,trec-202155,p@10,128,47,0.7,0.7
2021,55,trec-202155,ndcg@20,128,47,0.7202283337427215,0.7202283337427215
2021,55,trec-202155,p@20,128,47,0.625,0.625
2021,56,trec-202156,ndcg@5,191,139,0.8613632863224759,0.8613632863224759
2021,56,trec-202156,p@5,191,139,0.8,0.8
2021,56,trec-202156,ndcg@10,191,139,0.9100342589944143,0.910034258994414
2021,56,trec-202156,p@10,191,139,0.9,0.9
2021,56,trec-202156,ndcg@20,191,139,0.7690097759481282,0.7690097759481284
2021,56,trec-202156,p@20,191,139,0.7,0.7
2021,57,trec-202157,ndcg@5,223,98,0.7456298460447879,0.7456298460447879
2021,57,trec-202157,p@5,223,98,0.8,0.8
2021,57,trec-202157,ndcg@10,223,98,0.83493117527644,0.8349311752764398
2021,57,trec-202157,p@10,223,98,0.9,0.9
2021,57,trec-202157,ndcg@20,223,98,0.8413791037068212,0.8413791037068212
2021,57,trec-202157,p@20,223,98,0.875,0.875
2021,58,trec-202158,ndcg@5,156,100,0.915209948681596,0.915209948681596
2021,58,trec-202158,p@5,156,100,0.9,0.9
2021,58,trec-202158,ndcg@10,156,100,0.9082950973758,0.9082950973757998
2021,58,trec-202158,p@10,156,100,0.9,0.9
2021,58,trec-202158,ndcg@20,156,100,0.9045736313409464,0.9045736313409465
2021,58,trec-202158,p@20,156,100,0.9,0.9
2021,59,trec-202159,ndcg@5,202,152,1.0,1.0
2021,59,trec-202159,p@5,202,152,1.0,1.0
2021,59,trec-202159,ndcg@10,202,152,0.9681896059005243,0.968189605900524
2021,59,trec-202159,p@10,202,152,0.95,0.95
2021,59,trec-202159,ndcg@20,202,152,0.9794706103065555,0.9794706103065555
2021,59,trec-202159,p@20,202,152,0.975,0.975
2021,60,trec-202160,ndcg@5,253,133,0.639945385422766,0.639945385422766
2021,60,trec-202160,p@5,253,133,0.6,0.6
2021,60,trec-202160,ndcg@10,253,133,0.7663491917568949,0.7663491917568945
2021,60,trec-202160,p@10,253,133,0.8,0.8
2021,60,trec-202160,ndcg@20,253,133,0.645458615229429,0.6454586152294293
2021,60,trec-202160,p@20,253,133,0.625,0.625
2021,61,trec-202161,ndcg@5,348,224,0.5538466623591201,0.5538466623591201
2021,61,trec-202161,p@5,348,224,0.7,0.7
2021,61,trec-202161,ndcg@10,348,224,0.3986077215863268,0.3986077215863268
2021,61,trec-202161,p@10,348,224,0.4,0.4
2021,61,trec-202161,ndcg@20,348,224,0.5755247719073454,0.5755247719073454
2021,61,trec-202161,p@20,348,224,0.65,0.65
2021,62,trec-202162,ndcg@5,154,103,0.669580102636808,0.669580102636808
2021,62,trec-202162,p@5,154,103,0.6,0.6
2021,62,trec-202162,ndcg@10,154,103,0.6778886058446233,0.6778886058446232
2021,62,trec-202162,p@10,154,103,0.65,0.65
2021,62,trec-202162,ndcg@20,154,103,0.6135252090413922,0.6135252090413922
2021,62,trec-202162,p@20,154,103,0.575,0.575
2021,63,trec-202163,ndcg@5,235,84,0.07303417492135322,0.07303417492135322
2021,63,trec-202163,p@5,235,84,0.2,0.2
2021,63,trec-202163,ndcg@10,235,84,0.1525684983836113,0.15256849838361128
2021,63,trec-202163,p@10,235,84,0.2,0.2
2021,63,trec-202163,ndcg@20,235,84,0.2783797057942613,0.27837970579426136
2021,63,trec-202163,p@20,235,84,0.35,0.35
2021,64,trec-202164,ndcg@5,280,164,0.7234267649959281,0.7234267649959281
2021,64,trec-202164,p@5,280,164,0.8,0.8
2021,64,trec-202164,ndcg@10,280,164,0.7195530604914051,0.7195530604914049
2021,64,trec-202164,p@10,280,164,0.75,0.75
2021,64,trec-202164,ndcg@20,280,164,0.664009223806002,0.6640092238060019
2021,64,trec-202164,p@20,280,164,0.65,0.65
2021,65,trec-202165,ndcg@5,263,115,0.7227265726449519,0.7227265726449519
2021,65,trec-202165,p@5,263,115,0.6,0.6
2021,65,trec-202165,ndcg@10,263,115,0.7233206180626821,0.7233206180626819
2021,65,trec-202165,p@10,263,115,0.65,0.65
2021,65,trec-202165,ndcg@20,263,115,0.6840721860177766,0.6840721860177765
2021,65,trec-202165,p@20,263,115,0.625,0.625
2021,66,trec-202166,ndcg@5,138,52,1.0,1.0
2021,66,trec-202166,p@5,138,52,1.0,1.0
2021,66,trec-202166,ndcg@10,138,52,0.6702525738522755,0.6702525738522755
2021,66,trec-202166,p@10,138,52,0.5,0.5
2021,66,trec-202166,ndcg@20,138,52,0.6496552076206283,0.6496552076206284
2021,66,trec-202166,p@20,138,52,0.25,0.25
2021,67,trec-202167,ndcg@5,228,112,0.915209948681596,0.915209948681596
2021,67,trec-202167,p@5,228,112,0.9,0.9
2021,67,trec-202167,ndcg@10,228,112,0.8735794864074113,0.8735794864074112
2021,67,trec-202167,p@10,228,112,0.85,0.85
2021,67,trec-202167,ndcg@20,228,112,0.7597598782434077,0.7597598782434076
2021,67,trec-202167,p@20,228,112,0.7,0.7
2021,68,trec-202168,ndcg@5,247,93,0.7234267649959281,0.7234267649959281
2021,68,trec-202168,p@5,247,93,0.8,0.8
2021,68,trec-202168,ndcg@10,247,93,0.7495133663253692,0.749513366325369
2021,68,trec-202168,p@10,247,93,0.8,0.8
2021,68,trec-202168,ndcg@20,247,93,0.7123375169869264,0.7123375169869264
2021,68,trec-202168,p@20,247,93,0.725,0.725
2021,69,trec-202169,ndcg@5,210,46,0.13120507751234178,0.13120507751234178
2021,69,trec-202169,p@5,210,46,0.2,0.2
2021,69,trec-202169,ndcg@10,210,46,0.3628476202104144,0.36284762021041433
2021,69,trec-202169,p@10,210,46,0.5,0.5
2021,69,trec-202169,ndcg@20,210,46,0.37362974421539435,0.3736297442153944
2021,69,trec-202169,p@20,210,46,0.35,0.35
2021,70,trec-202170,ndcg@5,223,162,0.6578242262397573,0.6578242262397572
2021,70,trec-202170,p@5,223,162,0.7,0.7
2021,70,trec-202170,ndcg@10,223,162,0.6648374561463082,0.6648374561463081
2021,70,trec-202170,p@10,223,162,0.7,0.7
2021,70,trec-202170,ndcg@20,223,162,0.7306971470541395,0.7306971470541396
2021,70,trec-202170,p@20,223,162,0.775,0.775
2021,71,trec-202171,ndcg@5,306,118,0.830419897363192,0.830419897363192
2021,71,trec-202171,p@5,306,118,0.8,0.8
2021,71,trec-202171,ndcg@10,306,118,0.7421246259355073,0.7421246259355072
2021,71,trec-202171,p@10,306,118,0.7,0.7
2021,71,trec-202171,ndcg@20,306,118,0.7134121560787986,0.7134121560787986
2021,71,trec-202171,p@20,306,118,0.675,0.675
2021,72,trec-202172,ndcg@5,164,49,0.6578242262397573,0.6578242262397572
2021,72,trec-202172,p@5,164,49,0.7,0.7
2021,72,trec-202172,ndcg@10,164,49,0.7432357251249836,0.7432357251249835
2021,72,trec-202172,p@10,164,49,0.8,0.8
2021,72,trec-202172,ndcg@20,164,49,0.6162755138242059,0.6162755138242061
2021,72,trec-202172,p@20,164,49,0.425,0.425
2021,73,trec-202173,ndcg@5,105,37,0.4007500060986313,0.4007500060986313
2021,73,trec-202173,p@5,105,37,0.4,0.4
2021,73,trec-202173,ndcg@10,105,37,0.4467558624716192,0.44675586247161925
2021,73,trec-202173,p@10,105,37,0.35,0.35
2021,73,trec-202173,ndcg@20,105,37,0.5513583001589804,0.5513583001589805
2021,73,trec-202173,p@20,105,37,0.3,0.3
2021,74,trec-202174,ndcg@5,131,43,1.0,1.0
2021,74,trec-202174,p@5,131,43,1.0,1.0
2021,74,trec-202174,ndcg@10,131,43,0.8917274335489642,0.8917274335489642
2021,74,trec-202174,p@10,131,43,0.75,0.75
2021,74,trec-202174,ndcg@20,131,43,0.919950546804053,0.919950546804053
2021,74,trec-202174,p@20,131,43,0.4,0.4
2021,75,trec-202175,ndcg@5,256,173,0.8539316501572937,0.8539316501572937
2021,75,trec-202175,p@5,256,173,0.8,0.8
2021,75,trec-202175,ndcg@10,256,173,0.8685296745807694,0.8685296745807691
2021,75,trec-202175,p@10,256,173,0.85,0.85
2021,75,trec-202175,ndcg@20,256,173,0.789215794609417,0.789215794609417
2021,75,trec-202175,p@20,256,173,0.75,0.75
2022,1,trec-20221,ndcg@5,268,124,0.7469385177900298,0.7469385177900298
2022,1,trec-20221,p@5,268,124,0.7,0.7
2022,1,trec-20221,ndcg@10,268,124,0.6598581579303401,0.6598581579303401
2022,1,trec-20221,p@10,268,124,0.6,0.6
2022,1,trec-20221,ndcg@20,268,124,0.6784848100650184,0.6784848100650184
2022,1,trec-20221,p@20,268,124,0.65,0.65
2022,2,trec-20222,ndcg@5,267,126,0.849607409925425,0.849607409925425
2022,2,trec-20222,p@5,267,126,0.8,0.8
2022,2,trec-20222,ndcg@10,267,126,0.7293884607102504,0.7293884607102504
2022,2,trec-20222,p@10,267,126,0.65,0.65
2022,2,trec-20222,ndcg@20,267,126,0.6649890785423692,0.6649890785423692
2022,2,trec-20222,p@20,267,126,0.6,0.6
2022,3,trec-20223,ndcg@5,159,94,0.7573857224418385,0.7573857224418388
2022,3,trec-20223,p@5,159,94,0.8,0.8
2022,3,trec-20223,ndcg@10,159,94,0.7715504060773711,0.771550406077371
2022,3,trec-20223,p@10,159,94,0.8,0.8
2022,3,trec-20223,ndcg@20,159,94,0.7662252248052206,0.7662252248052208
2022,3,trec-20223,p@20,159,94,0.775,0.775
2022,4,trec-20224,ndcg@5,268,151,0.8930068676327362,0.8930068676327362
2022,4,trec-20224,p@5,268,151,0.9,0.9
2022,4,trec-20224,ndcg@10,268,151,0.8913696435738852,0.8913696435738849
2022,4,trec-20224,p@10,268,151,0.9,0.9
2022,4,trec-20224,ndcg@20,268,151,0.9298935149110197,0.9298935149110197
2022,4,trec-20224,p@20,268,151,0.95,0.95
2022,5,trec-20225,ndcg@5,109,73,0.934397461243829,0.934397461243829
2022,5,trec-20225,p@5,109,73,0.9,0.9
2022,5,trec-20225,ndcg@10,109,73,0.8275534295258489,0.8275534295258486
2022,5,trec-20225,p@10,109,73,0.75,0.75
2022,5,trec-20225,ndcg@20,109,73,0.7662996067785759,0.7662996067785759
2022,5,trec-20225,p@20,109,73,0.7,0.7
2022,6,trec-20226,ndcg@5,268,168,1.0,1.0
2022,6,trec-20226,p@5,268,168,1.0,1.0
2022,6,trec-20226,ndcg@10,268,168,1.0,1.0
2022,6,trec-20226,p@10,268,168,1.0,1.0
2022,6,trec-20226,ndcg@20,268,168,0.9504162837400663,0.9504162837400661
2022,6,trec-20226,p@20,268,168,0.925,0.925
2022,7,trec-20227,ndcg@5,113,58,0.8687949224876582,0.8687949224876582
2022,7,trec-20227,p@5,113,58,0.8,0.8
2022,7,trec-20227,ndcg@10,113,58,0.662124856857566,0.6621248568575658
2022,7,trec-20227,p@10,113,58,0.55,0.55
2022,7,trec-20227,ndcg@20,113,58,0.6636206333757854,0.6636206333757855
2022,7,trec-20227,p@20,113,58,0.475,0.475
2022,8,trec-20228,ndcg@5,84,54,0.6843515475204855,0.6843515475204855
2022,8,trec-20228,p@5,84,54,0.6,0.6
2022,8,trec-20228,ndcg@10,84,54,0.44409732781325584,0.4440973278132557
2022,8,trec-20228,p@10,84,54,0.3,0.3
2022,8,trec-20228,ndcg@20,84,54,0.6030490150908853,0.6030490150908854
2022,8,trec-20228,p@20,84,54,0.45,0.45
2022,9,trec-20229,ndcg@5,253,124,1.0,1.0
2022,9,trec-20229,p@5,253,124,1.0,1.0
2022,9,trec-20229,ndcg@10,253,124,0.727329844310522,0.7273298443105218
2022,9,trec-20229,p@10,253,124,0.6,0.6
2022,9,trec-20229,ndcg@20,253,124,0.6608213585795015,0.6608213585795017
2022,9,trec-20229,p@20,253,124,0.45,0.45
2022,10,trec-202210,ndcg@5,94,28,0.8539316501572937,0.8539316501572937
2022,10,trec-202210,p@5,94,28,0.8,0.8
2022,10,trec-202210,ndcg@10,94,28,0.6661539875937712,0.6661539875937712
2022,10,trec-202210,p@10,94,28,0.4,0.4
2022,10,trec-202210,ndcg@20,94,28,0.8650590654413146,0.8650590654413146
2022,10,trec-202210,p@20,94,28,0.35,0.35
2022,11,trec-202211,ndcg@5,268,197,1.0,1.0
2022,11,trec-202211,p@5,268,197,1.0,1.0
2022,11,trec-202211,ndcg@10,268,197,1.0,1.0
2022,11,trec-202211,p@10,268,197,1.0,1.0
2022,11,trec-202211,ndcg@20,268,197,0.961615361834617,0.961615361834617
2022,11,trec-202211,p@20,268,197,0.95,0.95
2022,12,trec-202212,ndcg@5,267,155,0.0,0.0
2022,12,trec-202212,p@5,267,155,0.0,0.0
2022,12,trec-202212,ndcg@10,267,155,0.06625422345438904,0.06625422345438903
2022,12,trec-202212,p@10,267,155,0.1,0.1
2022,12,trec-202212,ndcg@20,267,155,0.06894756524064033,0.06894756524064034
2022,12,trec-202212,p@20,267,155,0.075,0.075
2022,13,trec-202213,ndcg@5,104,37,0.5087403079104241,0.5087403079104241
2022,13,trec-202213,p@5,104,37,0.4,0.4
2022,13,trec-202213,ndcg@10,104,37,0.6068671901617779,0.6068671901617779
2022,13,trec-202213,p@10,104,37,0.5,0.5
2022,13,trec-202213,ndcg@20,104,37,0.7635121506853533,0.7635121506853535
2022,13,trec-202213,p@20,104,37,0.375,0.375
2022,14,trec-202214,ndcg@5,111,90,0.5222030810488597,0.5222030810488597
2022,14,trec-202214,p@5,111,90,0.5,0.5
2022,14,trec-202214,ndcg@10,111,90,0.6552268817279454,0.6552268817279452
2022,14,trec-202214,p@10,111,90,0.7,0.7
2022,14,trec-202214,ndcg@20,111,90,0.6163475066446289,0.616347506644629
2022,14,trec-202214,p@20,111,90,0.625,0.625
2022,15,trec-202215,ndcg@5,260,124,1.0,1.0
2022,15,trec-202215,p@5,260,124,1.0,1.0
2022,15,trec-202215,ndcg@10,260,124,0.9633180389503201,0.9633180389503199
2022,15,trec-202215,p@10,260,124,0.95,0.95
2022,15,trec-202215,ndcg@20,260,124,0.976326660061057,0.9763266600610571
2022,15,trec-202215,p@20,260,124,0.975,0.975
2022,16,trec-202216,ndcg@5,269,103,0.830419897363192,0.830419897363192
2022,16,trec-202216,p@5,269,103,0.8,0.8
2022,16,trec-202216,ndcg@10,269,103,0.8205228949141828,0.8205228949141826
2022,16,trec-202216,p@10,269,103,0.8,0.8
2022,16,trec-202216,ndcg@20,269,103,0.7721236600611331,0.7721236600611332
2022,16,trec-202216,p@20,269,103,0.75,0.75
2022,17,trec-202217,ndcg@5,198,145,0.20210734650054757,0.20210734650054757
2022,17,trec-202217,p@5,198,145,0.2,0.2
2022,17,trec-202217,ndcg@10,198,145,0.20210734650054757,0.20210734650054757
2022,17,trec-202217,p@10,198,145,0.1,0.1
2022,17,trec-202217,ndcg@20,198,145,0.20210734650054757,0.20210734650054757
2022,17,trec-202217,p@20,198,145,0.05,0.05
2022,18,trec-202218,ndcg@5,98,53,1.0,1.0
2022,18,trec-202218,p@5,98,53,1.0,1.0
2022,18,trec-202218,ndcg@10,98,53,1.0,1.0
2022,18,trec-202218,p@10,98,53,1.0,1.0
2022,18,trec-202218,ndcg@20,98,53,0.9463118460973161,0.9463118460973162
2022,18,trec-202218,p@20,98,53,0.925,0.925
2022,19,trec-202219,ndcg@5,60,22,0.4144299250118475,0.4144299250118475
2022,19,trec-202219,p@5,60,22,0.4,0.4
2022,19,trec-202219,ndcg@10,60,22,0.544556608342548,0.544556608342548
2022,19,trec-202219,p@10,60,22,0.3,0.3
2022,19,trec-202219,ndcg@20,60,22,0.6421516208405734,0.6421516208405734
2022,19,trec-202219,p@20,60,22,0.2,0.2
2022,20,trec-202220,ndcg@5,124,117,1.0,1.0
2022,20,trec-202220,p@5,124,117,1.0,1.0
2022,20,trec-202220,ndcg@10,124,117,0.9668728882728055,0.9668728882728055
2022,20,trec-202220,p@10,124,117,0.95,0.95
2022,20,trec-202220,ndcg@20,124,117,0.9786208437424843,0.9786208437424843
2022,20,trec-202220,p@20,124,117,0.975,0.975
2022,21,trec-202221,ndcg@5,177,146,1.0,1.0
2022,21,trec-202221,p@5,177,146,1.0,1.0
2022,21,trec-202221,ndcg@10,177,146,1.0,1.0
2022,21,trec-202221,p@10,177,146,1.0,1.0
2022,21,trec-202221,ndcg@20,177,146,0.963643712011461,0.963643712011461
2022,21,trec-202221,p@20,177,146,0.95,0.95
2022,22,trec-202222,ndcg@5,120,76,1.0,1.0
2022,22,trec-202222,p@5,120,76,1.0,1.0
2022,22,trec-202222,ndcg@10,120,76,1.0,1.0
2022,22,trec-202222,p@10,120,76,1.0,1.0
2022,22,trec-202222,ndcg@20,120,76,0.9652498273011313,0.9652498273011313
2022,22,trec-202222,p@20,120,76,0.95,0.95
2022,23,trec-202223,ndcg@5,140,123,1.0,1.0
2022,23,trec-202223,p@5,140,123,1.0,1.0
2022,23,trec-202223,ndcg@10,140,123,1.0,1.0
2022,23,trec-202223,p@10,140,123,1.0,1.0
2022,23,trec-202223,ndcg@20,140,123,0.9652498273011313,0.9652498273011313
2022,23,trec-202223,p@20,140,123,0.95,0.95
2022,24,trec-202224,ndcg@5,88,35,0.6992148198508501,0.6992148198508501
2022,24,trec-202224,p@5,88,35,0.7,0.7
2022,24,trec-202224,ndcg@10,88,35,0.5224220055607683,0.5224220055607683
2022,24,trec-202224,p@10,88,35,0.35,0.35
2022,24,trec-202224,ndcg@20,88,35,0.7083273124162287,0.7083273124162287
2022,24,trec-202224,p@20,88,35,0.325,0.325
2022,25,trec-202225,ndcg@5,136,75,0.2765732350040718,0.2765732350040718
2022,25,trec-202225,p@5,136,75,0.3,0.3
2022,25,trec-202225,ndcg@10,136,75,0.4642913062995819,0.4642913062995817
2022,25,trec-202225,p@10,136,75,0.55,0.55
2022,25,trec-202225,ndcg@20,136,75,0.42321052186734937,0.42321052186734953
2022,25,trec-202225,p@20,136,75,0.4,0.4
2022,26,trec-202226,ndcg@5,80,53,0.6917831836856677,0.6917831836856678
2022,26,trec-202226,p@5,80,53,0.6,0.6
2022,26,trec-202226,ndcg@10,80,53,0.7999883758453741,0.799988375845374
2022,26,trec-202226,p@10,80,53,0.8,0.8
2022,26,trec-202226,ndcg@20,80,53,0.7760540448477096,0.7760540448477097
2022,26,trec-202226,p@20,80,53,0.75,0.75
2022,27,trec-202227,ndcg@5,86,57,0.38356636737133565,0.38356636737133565
2022,27,trec-202227,p@5,86,57,0.4,0.4
2022,27,trec-202227,ndcg@10,86,57,0.34987816144537237,0.34987816144537226
2022,27,trec-202227,p@10,86,57,0.35,0.35
2022,27,trec-202227,ndcg@20,86,57,0.397123098373232,0.397123098373232
2022,27,trec-202227,p@20,86,57,0.425,0.425
2022,28,trec-202228,ndcg@5,142,52,0.3391602052736161,0.3391602052736161
2022,28,trec-202228,p@5,142,52,0.2,0.2
2022,28,trec-202228,ndcg@10,142,52,0.33522605909750025,0.33522605909750025
2022,28,trec-202228,p@10,142,52,0.2,0.2
2022,28,trec-202228,ndcg@20,142,52,0.39418924992635085,0.39418924992635085
2022,28,trec-202228,p@20,142,52,0.15,0.15
2022,29,trec-202229,ndcg@5,179,149,0.4239502565920201,0.4239502565920201
2022,29,trec-202229,p@5,179,149,0.3,0.3
2022,29,trec-202229,ndcg@10,179,149,0.4183603319986872,0.4183603319986871
2022,29,trec-202229,p@10,179,149,0.25,0.25
2022,29,trec-202229,ndcg@20,179,149,0.36617219128822376,0.3661721912882237
2022,29,trec-202229,p@20,179,149,0.125,0.125
2022,30,trec-202230,ndcg@5,198,122,0.6608397947263839,0.6608397947263839
2022,30,trec-202230,p@5,198,122,0.8,0.8
2022,30,trec-202230,ndcg@10,198,122,0.713654010247531,0.7136540102475307
2022,30,trec-202230,p@10,198,122,0.8,0.8
2022,30,trec-202230,ndcg@20,198,122,0.8152016478513111,0.8152016478513111
2022,30,trec-202230,p@20,198,122,0.9,0.9
2022,31,trec-202231,ndcg@5,125,93,1.0,1.0
2022,31,trec-202231,p@5,125,93,1.0,1.0
2022,31,trec-202231,ndcg@10,125,93,0.8701249883466594,0.8701249883466592
2022,31,trec-202231,p@10,125,93,0.8,0.8
2022,31,trec-202231,ndcg@20,125,93,0.7024446645324514,0.7024446645324515
2022,31,trec-202231,p@20,125,93,0.5,0.5
2022,32,trec-202232,ndcg@5,151,98,0.639945385422766,0.639945385422766
2022,32,trec-202232,p@5,151,98,0.6,0.6
2022,32,trec-202232,ndcg@10,151,98,0.5867093067419662,0.5867093067419662
2022,32,trec-202232,p@10,151,98,0.55,0.55
2022,32,trec-202232,ndcg@20,151,98,0.5378131134790111,0.537813113479011
2022,32,trec-202232,p@20,151,98,0.5,0.5
2022,33,trec-202233,ndcg@5,94,50,0.8687949224876582,0.8687949224876582
2022,33,trec-202233,p@5,94,50,0.8,0.8
2022,33,trec-202233,ndcg@10,94,50,0.841492960259019,0.8414929602590189
2022,33,trec-202233,p@10,94,50,0.8,0.8
2022,33,trec-202233,ndcg@20,94,50,0.9028708001864502,0.9028708001864502
2022,33,trec-202233,p@20,94,50,0.55,0.55
2022,34,trec-202234,ndcg@5,70,19,0.6421755823489528,0.6421755823489528
2022,34,trec-202234,p@5,70,19,0.4,0.4
2022,34,trec-202234,ndcg@10,70,19,0.7824315052769995,0.7824315052769995
2022,34,trec-202234,p@10,70,19,0.3,0.3
2022,34,trec-202234,ndcg@20,70,19,0.8905510278945826,0.8905510278945825
2022,34,trec-202234,p@20,70,19,0.2,0.2
2022,35,trec-202235,ndcg@5,180,129,0.7883291114011227,0.7883291114011227
2022,35,trec-202235,p@5,180,129,0.7,0.7
2022,35,trec-202235,ndcg@10,180,129,0.6909397555429384,0.6909397555429383
2022,35,trec-202235,p@10,180,129,0.6,0.6
2022,35,trec-202235,ndcg@20,180,129,0.6804124502445795,0.6804124502445795
2022,35,trec-202235,p@20,180,129,0.625,0.625
2022,36,trec-202236,ndcg@5,147,121,0.14606834984270645,0.14606834984270645
2022,36,trec-202236,p@5,147,121,0.2,0.2
2022,36,trec-202236,ndcg@10,147,121,0.3062386434839552,0.3062386434839551
2022,36,trec-202236,p@10,147,121,0.4,0.4
2022,36,trec-202236,ndcg@20,147,121,0.33744567367565564,0.33744567367565564
2022,36,trec-202236,p@20,147,121,0.4,0.4
2022,37,trec-202237,ndcg@5,91,77,0.915209948681596,0.915209948681596
2022,37,trec-202237,p@5,91,77,0.9,0.9
2022,37,trec-202237,ndcg@10,91,77,0.8784510533576155,0.8784510533576154
2022,37,trec-202237,p@10,91,77,0.85,0.85
2022,37,trec-202237,ndcg@20,91,77,0.7773911838034218,0.7773911838034216
2022,37,trec-202237,p@20,91,77,0.725,0.725
2022,38,trec-202238,ndcg@5,98,93,0.830419897363192,0.830419897363192
2022,38,trec-202238,p@5,98,93,0.9,0.9
2022,38,trec-202238,ndcg@10,98,93,0.88995411685096,0.8899541168509599
2022,38,trec-202238,p@10,98,93,0.95,0.95
2022,38,trec-202238,ndcg@20,98,93,0.9289799801831714,0.9289799801831714
2022,38,trec-202238,p@20,98,93,0.975,0.975
2022,39,trec-202239,ndcg@5,161,142,0.9269658250786468,0.9269658250786468
2022,39,trec-202239,p@5,161,142,0.9,0.9
2022,39,trec-202239,ndcg@10,161,142,0.9159238567655447,0.9159238567655444
2022,39,trec-202239,p@10,161,142,0.9,0.9
2022,39,trec-202239,ndcg@20,161,142,0.9457400023720411,0.9457400023720411
2022,39,trec-202239,p@20,161,142,0.95,0.95
2022,40,trec-202240,ndcg@5,102,71,0.934397461243829,0.934397461243829
2022,40,trec-202240,p@5,102,71,0.9,0.9
2022,40,trec-202240,ndcg@10,102,71,0.9574284411791895,0.9574284411791895
2022,40,trec-202240,p@10,102,71,0.95,0.95
2022,40,trec-202240,ndcg@20,102,71,0.9377755332651384,0.9377755332651384
2022,40,trec-202240,p@20,102,71,0.925,0.925
2022,41,trec-202241,ndcg@5,142,79,0.7456298460447879,0.7456298460447879
2022,41,trec-202241,p@5,142,79,0.8,0.8
2022,41,trec-202241,ndcg@10,142,79,0.83493117527644,0.8349311752764398
2022,41,trec-202241,p@10,142,79,0.9,0.9
2022,41,trec-202241,ndcg@20,142,79,0.8773008247005971,0.877300824700597
2022,41,trec-202241,p@20,142,79,0.925,0.925
2022,42,trec-202242,ndcg@5,110,70,0.830419897363192,0.830419897363192
2022,42,trec-202242,p@5,110,70,0.9,0.9
2022,42,trec-202242,ndcg@10,110,70,0.88995411685096,0.8899541168509599
2022,42,trec-202242,p@10,110,70,0.95,0.95
2022,42,trec-202242,ndcg@20,110,70,0.8294768865287298,0.8294768865287296
2022,42,trec-202242,p@20,110,70,0.825,0.825
2022,43,trec-202243,ndcg@5,113,62,0.5191875125622332,0.5191875125622332
2022,43,trec-202243,p@5,113,62,0.5,0.5
2022,43,trec-202243,ndcg@10,113,62,0.496374043360538,0.4963740433605378
2022,43,trec-202243,p@10,113,62,0.35,0.35
2022,43,trec-202243,ndcg@20,113,62,0.6464206252407486,0.6464206252407487
2022,43,trec-202243,p@20,113,62,0.45,0.45
2022,44,trec-202244,ndcg@5,146,111,0.7860137352654724,0.7860137352654724
2022,44,trec-202244,p@5,146,111,0.8,0.8
2022,44,trec-202244,ndcg@10,146,111,0.7267688283629979,0.7267688283629977
2022,44,trec-202244,p@10,146,111,0.7,0.7
2022,44,trec-202244,ndcg@20,146,111,0.6829166029061214,0.6829166029061213
2022,44,trec-202244,p@20,146,111,0.65,0.65
2022,45,trec-202245,ndcg@5,116,54,0.15979138559512832,0.15979138559512832
2022,45,trec-202245,p@5,116,54,0.2,0.2
2022,45,trec-202245,ndcg@10,116,54,0.2330009130626248,0.2330009130626248
2022,45,trec-202245,p@10,116,54,0.2,0.2
2022,45,trec-202245,ndcg@20,116,54,0.3626504888102692,0.3626504888102692
2022,45,trec-202245,p@20,116,54,0.1,0.1
2022,46,trec-202246,ndcg@5,162,129,0.8930068676327362,0.8930068676327362
2022,46,trec-202246,p@5,162,129,0.9,0.9
2022,46,trec-202246,ndcg@10,162,129,0.8958531670948342,0.8958531670948341
2022,46,trec-202246,p@10,162,129,0.9,0.9
2022,46,trec-202246,ndcg@20,162,129,0.8774232707258808,0.8774232707258809
2022,46,trec-202246,p@20,162,129,0.875,0.875
2022,47,trec-202247,ndcg@5,142,121,1.0,1.0
2022,47,trec-202247,p@5,142,121,1.0,1.0
2022,47,trec-202247,ndcg@10,142,121,0.9363792118010483,0.9363792118010481
2022,47,trec-202247,p@10,142,121,0.9,0.9
2022,47,trec-202247,ndcg@20,142,121,0.9589412206131108,0.9589412206131108
2022,47,trec-202247,p@20,142,121,0.95,0.95
2022,48,trec-202248,ndcg@5,106,95,0.8082168163143322,0.8082168163143322
2022,48,trec-202248,p@5,106,95,0.8,0.8
2022,48,trec-202248,ndcg@10,106,95,0.8755458364887029,0.8755458364887027
2022,48,trec-202248,p@10,106,95,0.9,0.9
2022,48,trec-202248,ndcg@20,106,95,0.8675197690582813,0.8675197690582812
2022,48,trec-202248,p@20,106,95,0.875,0.875
2022,49,trec-202249,ndcg@5,112,44,0.27727342735504823,0.27727342735504823
2022,49,trec-202249,p@5,112,44,0.4,0.4
2022,49,trec-202249,ndcg@10,112,44,0.25329540411053186,0.2532954041105318
2022,49,trec-202249,p@10,112,44,0.3,0.3
2022,49,trec-202249,ndcg@20,112,44,0.31563946507608015,0.31563946507608015
2022,49,trec-202249,p@20,112,44,0.25,0.25
2022,50,trec-202250,ndcg@5,190,172,0.8539316501572937,0.8539316501572937
2022,50,trec-202250,p@5,190,172,0.8,0.8
2022,50,trec-202250,ndcg@10,190,172,0.7534494445524139,0.7534494445524138
2022,50,trec-202250,p@10,190,172,0.7,0.7
2022,50,trec-202250,ndcg@20,190,172,0.6617271804450959,0.6617271804450959
2022,50,trec-202250,p@20,190,172,0.6,0.6
